DateTime,vuser,Tests,Errors,Mean_Test_Time_(ms),Test_Time_Standard_Deviation_(ms),TPS,Mean_response_length,Response_bytes_per_second,Response_errors,Mean_time_to_resolve_host,Mean_time_to_establish_connection,Mean_time_to_first_byte
2023-07-20 12:43:31,5,42,0,122.667,58.747,21,1159,24339,0,0.119,3.929,105.738
2023-07-20 12:43:33,11,83,0,231.904,175.714,41.5,1159,48098.5,0,1.771,9.313,184.024
2023-07-20 12:43:35,20,129,0,281.442,99.666,64.5,1159,74755.5,0,6.163,14.178,258.713
2023-07-20 12:43:38,26,114,0,394.149,156.166,57,1159,66063,0,0.096,4.237,378.886
2023-07-20 12:43:40,32,151,0,350.927,139.082,75.5,1159,87504.5,0,0.205,5.781,333.94
2023-07-20 12:43:42,38,153,0,460.967,147.18,76.5,1159,88663.5,0,0.17,4.66,442.333
2023-07-20 12:43:44,44,176,0,451.33,153.874,88,1159,101992,0,0.159,6.585,431.71
2023-07-20 12:43:46,50,149,0,581.953,196.909,74.5,1159,86345.5,0,0.094,5,560.074
2023-07-20 12:43:48,56,149,0,705.872,182.179,74.5,1159,86345.5,0,0.067,3.846,692.081
2023-07-20 12:43:50,63,160,0,723.562,210.734,80,1159,92720,0,0.619,5.394,703.125
2023-07-20 12:43:52,69,122,0,938.344,340.55,61,1159,70699,0,0.172,5.098,913.566
2023-07-20 12:43:54,75,169,0,873.296,352.696,84.5,1159,97935.5,0,1.438,6.497,849.024
2023-07-20 12:43:56,80,183,0,883.257,316.633,91.5,1159,106048.5,0,0.279,6.093,860.825
2023-07-20 12:43:58,87,232,0,811.427,306.708,116,1159,134444,0,4.72,9.733,785.841
2023-07-20 12:44:00,93,171,0,1133.55,490.952,85.5,1159,99094.5,0,0.035,2.982,1111.813
2023-07-20 12:44:02,98,185,0,956.222,325.926,92.5,1159,107207.5,0,0.022,3.07,940.6
2023-07-20 12:44:04,99,226,0,910.938,323.355,113,1159,130967,0,0.022,3.027,891.571
2023-07-20 12:44:06,99,211,0,945.062,309.085,105.5,1159,122274.5,0,0.052,2.91,917.047
2023-07-20 12:44:08,99,208,0,970.466,429.686,104,1159,120536,0,0.077,5.317,958.135
2023-07-20 12:44:10,99,199,0,1001.357,338.843,99.5,1159,115320.5,0,0.347,4.839,975.653
2023-07-20 12:44:12,99,191,0,1002.607,349.129,95.5,1159,110684.5,0,0.052,3.628,979.147
2023-07-20 12:44:14,99,174,0,1054.224,479,87,1159,100833,0,0.448,3.879,1042.339
2023-07-20 12:44:17,99,192,0,1012.177,475.134,96,1159,111264,0,1.578,6.469,992.901
2023-07-20 12:44:19,99,218,0,979.633,533.734,109,1159,126331,0,0.807,3.587,963.463
2023-07-20 12:44:21,99,183,0,1050.437,351.581,91.5,1159,106048.5,0,2.126,5.902,1027.361
2023-07-20 12:44:23,99,213,0,994.512,312.481,106.5,1159,123433.5,0,0.174,3.606,977.667
2023-07-20 12:44:25,99,215,0,960.67,388.702,107.5,1159,124592.5,0,0.07,3.298,939
2023-07-20 12:44:27,99,275,0,842.505,545.06,137.5,1159,159362.5,0,0.044,2.345,826.589
2023-07-20 12:44:29,99,245,0,846.078,487.251,122.5,1159,141977.5,0,0.061,2.282,830.412
2023-07-20 12:44:31,99,251,0,759.685,415.034,125.5,1159,145454.5,0,0.024,2.908,742.446
2023-07-20 12:44:33,99,261,0,801.648,326.98,130.5,1159,151249.5,0,0.084,2.402,791.295
2023-07-20 12:44:35,99,267,0,755.813,288.93,133.5,1159,154726.5,0,0.09,2.824,740.835
2023-07-20 12:44:37,99,243,0,809.893,429.111,121.5,1159,140818.5,0,0.041,2.786,796.16
2023-07-20 12:44:39,99,244,0,818.697,348.151,122,1159,141398,0,0.033,3.373,804.848
2023-07-20 12:44:41,99,237,0,687.278,293.839,118.5,1159,137341.5,0,2.046,5.789,670.557
2023-07-20 12:44:43,99,276,0,833.529,361.139,138,1159,159942,0,0.587,4.373,815.072
2023-07-20 12:44:45,99,253,0,754.984,427.587,126.5,1159,146613.5,0,0.549,3.652,740.091
2023-07-20 12:44:47,99,234,0,858.261,351.05,117,1159,135603,0,0.038,4.333,834.791
2023-07-20 12:44:49,99,158,0,949.861,319.75,79,1159,91561,0,0.038,3.899,914.918
2023-07-20 12:44:51,99,192,0,1241.99,613.69,96,1159,111264,0,0.031,2.729,1229.281
2023-07-20 12:44:53,99,177,0,1029.011,383.982,88.5,1159,102571.5,0,0.017,2.181,1013.006
2023-07-20 12:44:55,99,202,0,991.45,327.22,101,1159,117059,0,0.079,3.233,969.649
2023-07-20 12:44:57,99,252,0,828.433,298.865,126,1159,146034,0,0.056,3.258,811.897
2023-07-20 12:44:59,99,217,0,908.217,361.361,108.5,1159,125751.5,0,0.037,3.806,891.12
2023-07-20 12:45:01,99,258,0,771.225,310.972,129,1159,149511,0,0.163,4.233,758.961
2023-07-20 12:45:03,99,253,0,763.292,318.977,126.5,1159,146613.5,0,0.051,3.273,744.008
2023-07-20 12:45:05,99,243,0,814.556,337.501,121.5,1159,140818.5,0,0.078,2.914,798.247
2023-07-20 12:45:07,99,251,0,786.9,416.062,125.5,1159,145454.5,0,0.618,3.418,769.024
2023-07-20 12:45:09,99,203,0,846.084,344.306,101.5,1159,117638.5,0,0.099,3.108,824.966
2023-07-20 12:45:11,99,259,0,897.556,335.194,129.5,1159,150090.5,0,0.73,6.819,881.888
2023-07-20 12:45:13,99,241,0,800.087,339.252,120.5,1159,139659.5,0,0.017,3.046,779.896
2023-07-20 12:45:15,99,254,0,737.642,328.856,127,1159,147193,0,0.024,2.677,727.748
2023-07-20 12:45:17,99,260,0,809.527,301.669,130,1159,150670,0,0.027,3.515,793.319
2023-07-20 12:45:19,99,306,0,654.601,258.508,153,1159,177327,0,0.065,2.484,640.141
2023-07-20 12:45:21,99,258,0,700.802,329.331,129,1159,149511,0,0.047,1.837,689.38
2023-07-20 12:45:23,99,236,0,793.979,746.759,118,1159,136762,0,0.03,2.314,784.178
2023-07-20 12:45:25,99,251,0,849.737,620.069,125.5,1159,145454.5,0,0.032,2.737,834.753
2023-07-20 12:45:27,99,237,0,865.059,502.566,118.5,1159,137341.5,0,0.055,3.257,854.004
2023-07-20 12:45:29,99,258,0,732.353,337.23,129,1159,149511,0,0.027,2.872,718.95
2023-07-20 12:45:31,99,310,0,829.342,392.513,155,1159,179645,0,0.026,3.787,809.168
2023-07-20 12:45:34,99,282,0,656.447,329.898,141,1159,163419,0,0.972,3.323,644.355
2023-07-20 12:45:36,99,290,0,754.19,360.091,145,1159,168055,0,2.607,6.438,745.603
2023-07-20 12:45:38,99,281,0,684.534,244.876,140.5,1159,162839.5,0,0.573,4.694,674
2023-07-20 12:45:40,99,289,0,689.215,289.03,144.5,1159,167475.5,0,0.024,4.768,673.249
2023-07-20 12:45:42,99,272,0,643.482,318.086,136,1159,157624,0,0.037,3.004,631.066
2023-07-20 12:45:44,99,271,0,743.173,376.872,135.5,1159,157044.5,0,0.041,3.38,733.284
2023-07-20 12:45:46,99,293,0,708.44,306.272,146.5,1159,169793.5,0,0.034,2.604,691.034
2023-07-20 12:45:48,99,243,0,830.078,327.628,121.5,1159,140818.5,0,0.029,4.152,816.267
2023-07-20 12:45:50,99,270,0,737.57,412.787,135,1159,156465,0,0.007,2.904,722.83
2023-07-20 12:45:52,99,201,0,899.95,372.696,100.5,1159,116479.5,0,0.035,3.075,888.169
2023-07-20 12:45:54,99,244,0,879.668,478.186,122,1159,141398,0,0.094,3.291,856.77
2023-07-20 12:45:56,99,190,0,1002.663,329.59,95,1159,110105,0,0.105,4.879,979.458
2023-07-20 12:45:58,99,174,0,1065.253,341.679,87,1159,100833,0,0.04,5.103,1051.494
2023-07-20 12:46:00,99,188,0,1040.043,469.619,94,1159,108946,0,2.17,8.915,1020.037
2023-07-20 12:46:02,99,185,0,1112.405,335.263,92.5,1159,107207.5,0,0.065,4.368,1084.076
2023-07-20 12:46:04,99,207,0,959.251,389.654,103.5,1159,119956.5,0,0.203,4.531,938.285
2023-07-20 12:46:06,99,211,0,995.583,360.621,105.5,1159,122274.5,0,4.1,9.545,979.384
2023-07-20 12:46:08,99,259,0,752.734,247.57,129.5,1159,150090.5,0,0.031,4.792,741.869
2023-07-20 12:46:10,99,222,0,838.761,382.419,111,1159,128649,0,0.176,4.599,828.284
2023-07-20 12:46:12,99,300,0,698.863,407.843,150,1159,173850,0,0.103,3.393,687.343
2023-07-20 12:46:14,99,313,0,642.112,235.005,156.5,1159,181383.5,0,0.032,2.754,634.84
2023-07-20 12:46:16,99,301,0,626.189,268.265,150.5,1159,174429.5,0,0.033,2.774,617.953
2023-07-20 12:46:18,99,287,0,658.721,285.286,143.5,1159,166316.5,0,0.017,2.962,642.895
2023-07-20 12:46:20,99,281,0,739.381,277.44,140.5,1159,162839.5,0,0.053,3.281,726.669
2023-07-20 12:46:22,99,252,0,792.202,292.791,126,1159,146034,0,0.008,3.992,774.329
2023-07-20 12:46:24,99,269,0,698.323,323.284,134.5,1159,155885.5,0,0.033,5.836,686.654
2023-07-20 12:46:26,99,228,0,1062.276,467.173,114,1159,132126,0,0.061,7.675,1038.307
2023-07-20 12:46:28,99,247,0,832.692,382.426,123.5,1159,143136.5,0,0.049,6.502,817.166
2023-07-20 12:46:30,99,254,0,792.161,301.898,127,1159,147193,0,1.461,8.276,777.472
2023-07-20 12:46:32,99,254,0,702.299,325.078,127,1159,147193,0,1.35,6.535,692.65
2023-07-20 12:46:34,99,351,0,571.521,325.287,175.5,1159,203404.5,0,0.758,4.308,557.752
2023-07-20 12:46:36,99,373,0,577.761,275.618,186.5,1159,216153.5,0,0.04,4.386,566.408
2023-07-20 12:46:38,99,348,0,598.21,235.781,174,1159,201666,0,0.026,3.422,583.612
2023-07-20 12:46:41,99,319,0,622.248,334.165,159.5,1159,184860.5,0,0.022,3.618,609.881
2023-07-20 12:46:43,99,337,0,587.887,280.753,168.5,1159,195291.5,0,0.039,3.11,574.593
2023-07-20 12:46:45,99,346,0,566.861,257.529,173,1159,200507,0,0.035,2.994,556.899
2023-07-20 12:46:47,99,326,0,599.39,268.403,163,1159,188917,0,0.067,3.801,582.313
2023-07-20 12:46:49,99,303,0,643.38,213.806,151.5,1159,175588.5,0,0.063,6.356,632.525
2023-07-20 12:46:51,99,305,0,660.62,267.977,152.5,1159,176747.5,0,0.03,4.311,640.2
2023-07-20 12:46:53,99,307,0,653.29,249.319,153.5,1159,177906.5,0,2.029,8.58,628.645
2023-07-20 12:46:55,99,264,0,647.019,241.152,132,1159,152988,0,0.027,4.845,624.193
2023-07-20 12:46:57,99,295,0,679.658,357.054,147.5,1159,170952.5,0,0.844,6.932,664.556
2023-07-20 12:46:59,99,343,0,615.017,312.753,171.5,1159,198768.5,0,0.023,4.222,603.601
2023-07-20 12:47:01,99,371,0,529.668,245.483,185.5,1159,214994.5,0,0.027,3.73,515.358
2023-07-20 12:47:03,99,374,0,543.353,244.792,187,1159,216733,0,0.011,4.888,530.481
2023-07-20 12:47:05,99,330,0,543.582,270.404,165,1159,191235,0,0.036,3.63,534.848
2023-07-20 12:47:07,99,351,0,604.564,257.325,175.5,1159,203404.5,0,0.023,4.484,596.584
2023-07-20 12:47:09,99,288,0,688.781,307.491,144,1159,166896,0,0.188,5.337,676.194
2023-07-20 12:47:11,99,375,0,534.907,286.807,187.5,1159,217312.5,0,0.061,5.296,527.44
2023-07-20 12:47:13,99,375,0,516.491,276.082,187.5,1159,217312.5,0,0.061,4.232,505.229
2023-07-20 12:47:15,99,405,0,497.257,190.373,202.5,1159,234697.5,0,0.049,6.395,486.59
2023-07-20 12:47:17,99,368,0,545.679,251.35,184,1159,213256,0,0.821,9.53,536.367
2023-07-20 12:47:19,99,393,0,505.081,202.597,196.5,1159,227743.5,0,0.02,6.071,496.422
2023-07-20 12:47:21,99,386,0,513.026,220.183,193,1159,223687,0,0.047,4.935,503.433
2023-07-20 12:47:23,99,335,0,601.43,274.409,167.5,1159,194132.5,0,0.03,6.857,588.555
2023-07-20 12:47:25,99,325,0,586.963,198.088,162.5,1159,188337.5,0,0.105,8.582,567.763
2023-07-20 12:47:27,99,354,0,688.325,376.032,177,1159,205143,0,0.056,6.74,679.593
2023-07-20 12:47:29,99,388,0,551.629,277.104,194,1159,224846,0,0.054,4.75,537.825
2023-07-20 12:47:31,99,374,0,514.829,209.489,187,1159,216733,0,0.051,6.586,502.471
2023-07-20 12:47:33,99,330,0,575.4,256.16,165,1159,191235,0,0.03,8.797,563.942
2023-07-20 12:47:35,99,424,0,497.535,215.529,212,1159,245708,0,0.026,7.177,487.767
2023-07-20 12:47:37,99,400,0,477.805,252.158,200,1159,231800,0,0.025,8.055,469.64
2023-07-20 12:47:39,99,393,0,502.898,263.845,196.5,1159,227743.5,0,1.511,8.048,493.634
2023-07-20 12:47:41,99,399,0,493.494,278.085,199.5,1159,231220.5,0,0.03,5.411,486.997
2023-07-20 12:47:43,99,331,0,620.009,290.016,165.5,1159,191814.5,0,0.024,7.181,612.251
2023-07-20 12:47:45,99,423,0,470.352,213.589,211.5,1159,245128.5,0,0.045,6.584,461.972
2023-07-20 12:47:47,99,436,0,435.844,207.309,218,1159,252662,0,0.021,6.709,422.397
2023-07-20 12:47:49,99,412,0,492.039,233.616,206,1159,238754,0,0.027,7.107,485.993
2023-07-20 12:47:51,99,402,0,479.189,262.685,201,1159,232959,0,0.01,5.428,472.575
2023-07-20 12:47:53,99,319,0,551.172,237.859,159.5,1159,184860.5,0,0.034,7.395,543.702
2023-07-20 12:47:55,99,341,0,556.868,251.392,170.5,1159,197609.5,0,0.044,9.472,545.094
2023-07-20 12:47:57,99,357,0,580.227,264.792,178.5,1159,206881.5,0,0.944,8.468,564.401
2023-07-20 12:47:59,99,427,0,460.08,180.144,213.5,1159,247446.5,0,0.023,8.15,450.78
2023-07-20 12:48:01,99,416,0,562.632,318.629,208,1159,241072,0,0.014,8.07,555.382
2023-07-20 12:48:04,99,401,0,466.596,206.725,200.5,1159,232379.5,0,0.035,7.766,459.317
2023-07-20 12:48:06,99,411,0,503.937,207.855,205.5,1159,238174.5,0,0.029,8.438,496.657
2023-07-20 12:48:08,99,303,0,644.591,377.039,151.5,1159,175588.5,0,0.03,7.911,633.601
2023-07-20 12:48:10,99,444,0,429.489,246.694,222,1159,257298,0,0.038,7.635,423.34
2023-07-20 12:48:12,99,492,0,423.963,225.566,246,1159,285114,0,0.035,8.51,417.331
2023-07-20 12:48:14,99,397,0,475.821,229.053,198.5,1159,230061.5,0,4.436,14.181,466.237
2023-07-20 12:48:16,99,433,0,491.028,338.52,216.5,1159,250923.5,0,0.03,7.582,484.072
2023-07-20 12:48:18,99,406,0,482.106,285.447,203,1159,235277,0,0.052,7.249,473.823
2023-07-20 12:48:20,99,425,0,443.781,265.621,212.5,1159,246287.5,0,0.052,7.172,437.588
2023-07-20 12:48:22,99,390,0,527.169,281.828,195,1159,226005,0,0.021,6.262,520.564
2023-07-20 12:48:24,99,362,0,531.704,188.438,181,1159,209779,0,0.483,8.95,520.091
2023-07-20 12:48:26,99,365,0,545.145,230.537,182.5,1159,211517.5,0,0.112,10.06,534.956
2023-07-20 12:48:28,99,380,0,533.584,271.317,190,1159,220210,0,0.018,10.192,527.068
2023-07-20 12:48:30,99,441,0,450.143,244.163,220.5,1159,255559.5,0,0.032,6.986,442.49
2023-07-20 12:48:32,99,445,0,431.809,214.371,222.5,1159,257877.5,0,1.213,10.521,424.845
2023-07-20 12:48:34,99,432,0,463.553,228.192,216,1159,250344,0,1.565,11.854,448.792
2023-07-20 12:48:36,99,413,0,428.262,197.583,206.5,1159,239333.5,0,0.07,9.259,412.508
2023-07-20 12:48:38,99,488,0,452.623,261.384,244,1159,282796,0,0.094,9.441,444.781
2023-07-20 12:48:40,99,378,0,510.045,301.687,189,1159,219051,0,0.04,10.836,492.897
2023-07-20 12:48:42,99,504,0,389.188,167.564,252,1159,292068,0,0.137,13.482,377.448
2023-07-20 12:48:44,99,509,0,381.124,182.056,254.5,1159,294965.5,0,0.039,12.562,372.788
2023-07-20 12:48:46,99,484,0,414.959,203.003,242,1159,280478,0,0.033,9.188,408
2023-07-20 12:48:48,99,477,0,412.635,180.246,238.5,1159,276421.5,0,1.34,14.881,403.036
